Products / Services,Primary Category (Products/Services Keywords),Secondary Category Keywords,First Detected (Timeline Start),Expansion Phase,Current Stage,Company
"Qualcomm Snapdragon AI","AI Hardware","Edge AI","Q3 2018","Scaling","2",""
"CUDA AI Platform","AI Infrastructure","GPU computing","Q2 2007","Established","3",""
"Intel AI Software Stack","AI Infrastructure","AI frameworks","Q2 2019","Scaling","2",""
"ROCm AI Platform","AI Infrastructure","GPU computing","Q4 2016","Pioneering","1",""
"Arm AI Compute Platform","AI Infrastructure","Semiconductor AI","Q3 2017","Pioneering","1",""
"Wipro HOLMES AI","Artificial Intelligence","Automation platform","Q3 2016","Established","3",""
"IBM Watson","Artificial Intelligence","NLP, AI analytics","Q1 2011","Scaling","2",""
"Tesla Autopilot","Artificial Intelligence","Autonomous Driving","Q4 2015","Scaling","2",""
"ByteDance AI Platform","Artificial Intelligence","Recommendation algorithms","Q1 2016","Scaling","2",""
"TikTok AI Recommendation Engine","Artificial Intelligence","Content personalization","Q3 2016","Scaling","2",""
"Cognizant Neuro AI","Artificial Intelligence","AI analytics","Q2 2016","Scaling","2",""
"Deloitte AI Platform","Artificial Intelligence","Enterprise analytics","Q2 2017","Scaling","2",""
"Meta AI Infrastructure","Artificial Intelligence","LLMs, AI compute","Q1 2013","Pioneering","1",""
"TCS BaNCS","Banking Platform","Digital banking","Q2 2003","Scaling","2",""
"Binance Exchange","Blockchain","Crypto trading","Q3 2017","Scaling","2",""
"Coinbase Crypto Platform","Blockchain","Crypto exchange","Q2 2012","Scaling","2",""
"RippleNet","Blockchain Payments","Cross-border payments","Q4 2012","Established","3",""
"USDC Platform","Blockchain Payments","Stablecoin infrastructure","Q3 2018","Scaling","2",""
"Salesforce CRM","CRM Platform","Sales automation","Q1 1999","Established","3",""
"AWS Cloud Services","Cloud Infrastructure","EC2, S3, Serverless","Q1 2006","Dominant","4",""
"Azure Cloud Platform","Cloud Infrastructure","IaaS, Kubernetes, Compute","Q1 2010","Dominant","4",""
"Google Cloud Platform","Cloud Infrastructure","BigQuery, AI Platform","Q4 2008","Established","3",""
"Alibaba Cloud","Cloud Infrastructure","Cloud compute","Q3 2009","Established","3",""
"Tencent Cloud","Cloud Infrastructure","AI cloud","Q1 2013","Established","3",""
"Oracle Cloud Infrastructure","Cloud Infrastructure","Database cloud","Q4 2016","Established","3",""
"VW Cloud Platform","Cloud Infrastructure","Automotive cloud","Q2 2020","Scaling","2",""
"Dell Apex Cloud","Cloud Infrastructure","Hybrid cloud","Q2 2021","Scaling","2",""
"Broadcom VMware Solutions","Cloud Infrastructure","Virtualization","Q4 1998","Pioneering","1",""
"Infosys Cobalt","Cloud Platform","Multi-cloud services","Q2 2021","Scaling","2",""
"Prisma Cloud","Cloud Security","Cloud workload protection","Q3 2019","Scaling","2",""
"HCL CloudSmart","Cloud Services","Hybrid cloud","Q3 2019","Scaling","2",""
"Accenture Cloud First","Cloud Services","Cloud transformation","Q2 2020","Scaling","2",""
"PwC Cloud & Digital","Cloud Services","Business modernization","Q2 2016","Scaling","2",""
"Dropbox Cloud Storage","Cloud Storage","File sync","Q3 2007","Established","3",""
"Seagate Lyve Cloud","Cloud Storage","Data management","Q2 2021","Scaling","2",""
"Zoom Video Platform","Collaboration Tools","Virtual meetings","Q1 2013","Scaling","2",""
"Webex Collaboration","Collaboration Tools","Video conferencing","Q4 1995","Scaling","2",""
"Box Content Cloud","Content Management","Enterprise file management","Q3 2005","Established","3",""
"Fortinet Security Fabric","Cybersecurity","Network security","Q1 2016","Established","3",""
"Falcon Security Platform","Cybersecurity","Endpoint protection","Q1 2013","Scaling","2",""
"Zscaler Zero Trust Exchange","Cybersecurity","Zero trust networking","Q4 2018","Scaling","2",""
"Splunk Observability Cloud","Data Analytics","Log analytics","Q2 2019","Established","3",""
"Elastic Stack","Data Platform","Search analytics","Q3 2010","Established","3",""
"Snowflake Data Cloud","Data Platform","Cloud data warehouse","Q4 2014","Scaling","2",""
"Palantir Foundry","Data Platform","Data analytics","Q3 2016","Scaling","2",""
"Databricks Lakehouse","Data Platform","Data engineering","Q3 2020","Scaling","2",""
"EY Nexus Platform","Data Platform","Enterprise data integration","Q2 2018","Scaling","2",""
"WD Data Platform","Data Storage","Enterprise storage","Q3 2020","Scaling","2",""
"Jira Software","DevOps","Issue tracking","Q1 2002","Established","3",""
"PagerDuty Incident Platform","DevOps","Incident response","Q1 2010","Established","3",""
"Datadog Monitoring Platform","DevOps","Infrastructure monitoring","Q3 2010","Scaling","2",""
"Apple Pay","Digital Payments","Mobile Wallet","Q4 2014","Established","3",""
"Sony PlayStation Network","Digital Platform","Gaming services","Q4 2006","Established","3",""
"Gojek SuperApp","Digital Platform","Mobility services","Q1 2015","Scaling","2",""
"DXC Platform X","Digital Platform","Enterprise modernization","Q2 2017","Scaling","2",""
"Grab SuperApp","Digital Platform","Mobility & payments","Q1 2018","Scaling","2",""
"Capgemini Intelligent Industry","Digital Transformation","Industry 4.0","Q4 2020","Scaling","2",""
"KPMG Digital Gateway","Digital Transformation","Enterprise analytics","Q3 2019","Scaling","2",""
"SAP S/4HANA","ERP Platform","Finance ERP","Q1 2015","Established","3",""
"Shopify Commerce","Ecommerce Platform","Online storefronts","Q2 2006","Established","3",""
"HP Workforce Solutions","Enterprise IT","Device management","Q3 2019","Established","3",""
"HSBC Digital Banking","Fintech","Mobile banking","Q2 2015","Established","3",""
"Wells Fargo Digital Platform","Fintech","Mobile banking","Q1 2014","Scaling","2",""
"JPMorgan Digital Banking","Fintech","Online banking","Q1 2013","Scaling","2",""
"Marcus Digital Bank","Fintech","Consumer banking","Q4 2016","Scaling","2",""
"Citi Global Wallet","Fintech","Cross-border payments","Q3 2013","Scaling","2",""
"Revolut Digital Banking","Fintech","Mobile banking","Q3 2015","Scaling","2",""
"Robinhood Trading Platform","Fintech","Digital brokerage","Q4 2013","Scaling","2",""
"Klarna Payment Platform","Fintech","Buy Now Pay Later","Q3 2005","Scaling","2",""
"Nubank Digital Bank","Fintech","Mobile banking","Q3 2013","Scaling","2",""
"Unreal Engine","Game Development","3D engine","Q2 1998","Established","3",""
"Riot Game Platform","Gaming Infrastructure","Online gaming","Q4 2009","Scaling","2",""
"Nintendo Online Services","Gaming Platform","Online gaming","Q3 2018","Established","3",""
"EA Play Platform","Gaming Platform","Game subscription","Q3 2019","Scaling","2",""
"Ubisoft Connect","Gaming Platform","Game ecosystem","Q4 2020","Scaling","2",""
"Workday HCM","HR Technology","Workforce management","Q1 2006","Established","3",""
"Lenovo TruScale","IT Infrastructure","Device-as-a-service","Q1 2020","Scaling","2",""
"ServiceNow Platform","ITSM Platform","Workflow automation","Q1 2004","Established","3",""
"Okta Identity Cloud","Identity Security","IAM platform","Q1 2009","Established","3",""
"BMW ConnectedDrive","IoT Platform","Vehicle connectivity","Q1 2008","Scaling","2",""
"Toyota Connected Platform","IoT Platform","Connected vehicles","Q1 2016","Scaling","2",""
"Adobe Experience Cloud","Marketing Technology","CX platform","Q3 2016","Established","3",""
"Uber Platform","Mobility Platform","Ride sharing","Q1 2009","Established","3",""
"PayPal Commerce Platform","Payment Gateway","Online payments","Q4 1998","Established","3",""
"Stripe Payments","Payment Gateway","Online payments","Q3 2011","Established","3",""
"Adyen Payment Platform","Payment Gateway","Global payment processing","Q2 2006","Scaling","2",""
"VisaNet Platform","Payment Infrastructure","Transaction network","Q2 1973","Established","3",""
"Square POS","Payment Technology","POS payments","Q4 2009","Established","3",""
"Mastercard Digital Gateway","Payment Technology","Payment processing","Q1 2013","Established","3",""
"Samsung Knox","Security Platform","Mobile security","Q1 2013","Established","3",""
"Micron AI Memory","Semiconductor","Data center memory","Q1 2023","Pioneering","1",""
"Netflix Streaming Platform","Streaming Technology","Video streaming","Q1 2007","Dominant","4",""
"Spotify Streaming","Streaming Technology","Music streaming","Q4 2008","Established","3",""
"Ericsson 5G Core","Telecom Infrastructure","Network virtualization","Q1 2019","Scaling","2",""
"Nokia Digital Operations","Telecom Software","Network automation","Q2 2018","Scaling","2",""
"Airbnb Platform","Travel Technology","Marketplace platform","Q3 2008","Established","3",""
"Booking Platform","Travel Technology","Travel marketplace","Q2 2014","Established","3",""
"Expedia Travel Platform","Travel Technology","Booking systems","Q1 2015","Established","3",""
"Agoda Booking Platform","Travel Technology","Hospitality booking","Q2 2005","Established","3",""